model,features,n_features,split,seed,macro_ap,macro_auc,micro_ap,micro_auc,labels_scored,seconds
prevalence,morgan-bin-r2,2048,scaffold,0,0.03648970883534136,0.5,0.16996071984469982,0.7664450417901253,128,0.004081000108271837
logreg,morgan-bin-r2,2048,scaffold,0,0.25743799993475175,0.8041224092860747,0.4170624876652602,0.9022429382241905,128,8.19422383280471
logreg-std,morgan-bin-r2,2048,scaffold,0,0.20838722535212073,0.7390769198852063,0.3050747512751123,0.8492364868856573,128,7.5448054587468505
logreg-maxabs,morgan-bin-r2,2048,scaffold,0,0.25743799993475175,0.8041224092860747,0.41706250233520115,0.9022429382241905,128,3.9345947918482125
prevalence,morgan-cnt-r2,2048,scaffold,0,0.03648970883534136,0.5,0.16996071984469982,0.7664450417901253,128,0.0029015829786658287
logreg,morgan-cnt-r2,2048,scaffold,0,0.21177288126742028,0.774967582437839,0.3259503644137328,0.8632709498988577,128,7.256418542005122
logreg-std,morgan-cnt-r2,2048,scaffold,0,0.1957529527937371,0.7355563533509815,0.2906168814655396,0.8446029275711124,128,7.946936249732971
logreg-maxabs,morgan-cnt-r2,2048,scaffold,0,0.21177288126742028,0.774967582437839,0.3259503644137328,0.8632709531363243,128,2.72928037494421
prevalence,morgan-bin-r3,2048,scaffold,0,0.03648970883534136,0.5,0.16996071984469982,0.7664450417901253,128,0.0024023749865591526
logreg,morgan-bin-r3,2048,scaffold,0,0.264380963339648,0.8038230608981589,0.42212081545093877,0.9037326649527432,128,8.19813683303073
logreg-std,morgan-bin-r3,2048,scaffold,0,0.20670485994053311,0.7274362389988556,0.31504353259449275,0.8444043348952512,128,7.753520417027175
logreg-maxabs,morgan-bin-r3,2048,scaffold,0,0.264380963339648,0.8038230608981589,0.4221208579171712,0.9037326681902098,128,3.870664124842733
prevalence,morgan-cnt-r3,2048,scaffold,0,0.03648970883534136,0.5,0.16996071984469982,0.7664450417901253,128,0.0028799171559512615
logreg,morgan-cnt-r3,2048,scaffold,0,0.21677444194090634,0.7724974882863802,0.32814295599793725,0.8640194554130533,128,7.342175416648388
logreg-std,morgan-cnt-r3,2048,scaffold,0,0.19524457131154535,0.727189451572955,0.29819962552844576,0.8399240955237052,128,7.734697250183672
logreg-maxabs,morgan-cnt-r3,2048,scaffold,0,0.21677444194090634,0.7724974882863802,0.32814295337330696,0.8640194521755866,128,2.729692291934043
prevalence,descriptors,216,scaffold,0,0.03648970883534136,0.5,0.16996071984469982,0.7664450417901253,128,0.0012192921712994576
logreg,descriptors,216,scaffold,0,0.2682734897983823,0.8179869875554986,0.4283638562697728,0.9111493318503492,128,1.0783106666058302
logreg-std,descriptors,216,scaffold,0,0.2682734897983823,0.8179869875554986,0.4283638578011201,0.9111493383252823,128,0.8062480827793479
logreg-maxabs,descriptors,216,scaffold,0,0.18619120339735207,0.7976893839568451,0.3386863647376413,0.8700551129478281,128,0.4674002919346094
prevalence,morgan-bin-r2+desc,2264,scaffold,0,0.03648970883534136,0.5,0.16996071984469982,0.7664450417901253,128,0.002802541945129633
logreg,morgan-bin-r2+desc,2264,scaffold,0,0.29073796618836806,0.834555350833699,0.4569374569582145,0.9176142029938692,128,12.76047204202041
logreg-std,morgan-bin-r2+desc,2264,scaffold,0,0.22414209582972777,0.7673302607713838,0.3379529056536768,0.8654390327154288,128,9.221962083131075
logreg-maxabs,morgan-bin-r2+desc,2264,scaffold,0,0.26304442162088015,0.8168389834164458,0.4381323476453284,0.9089018566404726,128,5.920580666977912
prevalence,morgan-cnt-r2+desc,2264,scaffold,0,0.03648970883534136,0.5,0.16996071984469982,0.7664450417901253,128,0.003704375121742487
logreg,morgan-cnt-r2+desc,2264,scaffold,0,0.2837938359168731,0.8273580902704573,0.4457309110515264,0.9150961047138627,128,10.500443041790277
logreg-std,morgan-cnt-r2+desc,2264,scaffold,0,0.2238518973032243,0.7665987092362414,0.3262289012759522,0.8625457347193455,128,9.562299999874085
logreg-maxabs,morgan-cnt-r2+desc,2264,scaffold,0,0.24516577481400664,0.8174074534948962,0.39115873986898547,0.8934990103841611,128,5.025647457689047
prevalence,morgan-bin-r3+desc,2264,scaffold,0,0.03648970883534136,0.5,0.16996071984469982,0.7664450417901253,128,0.0034457501024007797
logreg,morgan-bin-r3+desc,2264,scaffold,0,0.2924612618130791,0.8338456682804272,0.46002195384845607,0.9178396893047338,128,12.586725417058915
logreg-std,morgan-bin-r3+desc,2264,scaffold,0,0.22597203184897605,0.7569290621101692,0.3479349108196856,0.8589115457304977,128,8.70482875034213
logreg-maxabs,morgan-bin-r3+desc,2264,scaffold,0,0.2774103481763109,0.8150544019832118,0.44094476588312503,0.9096890401680768,128,5.859321291092783
prevalence,morgan-cnt-r3+desc,2264,scaffold,0,0.03648970883534136,0.5,0.16996071984469982,0.7664450417901253,128,0.002585750073194504
logreg,morgan-cnt-r3+desc,2264,scaffold,0,0.2874743803411627,0.8282728612329603,0.44733428728907726,0.9155815984418928,128,10.865328915882856
logreg-std,morgan-cnt-r3+desc,2264,scaffold,0,0.21777950460075868,0.7573118940360292,0.3348725781427324,0.8567525828573243,128,8.601052000187337
logreg-maxabs,morgan-cnt-r3+desc,2264,scaffold,0,0.24403794971926665,0.8129768924095148,0.3923480516609441,0.8936919698681474,128,5.291628832928836
