model,features,split,macro_ap_mean,macro_ap_std,macro_auc_mean,micro_ap_mean,micro_auc_mean,labels_scored,n_seeds,seconds
logreg,morgan-bin-r3+desc,stratified,0.3420052759296803,0.012597301833579367,0.8655561890592933,0.4482513087753805,0.9163481044235103,138,3,12.64253502789264
logreg,morgan-bin-r2+desc,stratified,0.3387087135618109,0.013357100068296173,0.8655649676789094,0.44769170905728073,0.9162713918408691,138,3,12.146894861012697
logreg,morgan-cnt-r2+desc,stratified,0.32482160985143754,0.015669611419425782,0.8621610066563951,0.4349041274196954,0.9144152703679618,138,3,10.499892389091352
logreg,morgan-cnt-r3+desc,stratified,0.324744242311597,0.014092993498867423,0.862662984743377,0.43545695370834125,0.9146444469534648,138,3,10.553875805654874
logreg-maxabs,morgan-bin-r2+desc,stratified,0.32446956900625906,0.01111272895356593,0.8528576870011966,0.42993620784512765,0.9086671461541768,138,3,5.710565319595237
logreg-maxabs,morgan-bin-r3+desc,stratified,0.32369249533032823,0.009839304257137397,0.8526475293723434,0.4288097365233859,0.9086598107568428,138,3,5.634162833293279
logreg,morgan-bin-r3,stratified,0.31514216070119094,0.011621445613009311,0.8447014441471383,0.4170568989036048,0.903371320294413,138,3,8.217028875059137
logreg-maxabs,morgan-bin-r3,stratified,0.3151416234262787,0.011622037126906787,0.8447015774149548,0.41705670473421463,0.9033713151839912,138,3,3.7949701946539185
logreg,morgan-bin-r2,stratified,0.31509331357843684,0.010504037226150845,0.844060335695155,0.41609298260855043,0.9029099987666415,138,3,8.080724236089736
logreg-maxabs,morgan-bin-r2,stratified,0.3150314290869146,0.01058183802893508,0.8440586966055065,0.41609180250228556,0.9029099789730028,138,3,3.7399322361064455
logreg-std,descriptors,stratified,0.30545727855597304,0.014912361212770077,0.8566981665070639,0.4126591679631111,0.9109741146627298,138,3,0.7969081526001295
logreg,descriptors,stratified,0.30545727855597304,0.014912361212770077,0.8566981665070639,0.4126592412085223,0.9109741185994874,138,3,0.9972661803476512
logreg-maxabs,morgan-cnt-r2+desc,stratified,0.2940082967159074,0.010218867333505867,0.8518287082416816,0.39628012955858827,0.9017033051487112,138,3,5.0351450140587986
logreg-maxabs,morgan-cnt-r3+desc,stratified,0.290252714654212,0.013190689638899957,0.851189158000423,0.3951064934536776,0.9020966192700749,138,3,4.99368574982509
logreg-maxabs,morgan-cnt-r2,stratified,0.2706382890821469,0.009962162666169866,0.8309141171205603,0.3539464946759689,0.878675873957589,138,3,2.7081512082368135
logreg,morgan-cnt-r2,stratified,0.270638267532385,0.00996219469529639,0.8309140878422702,0.35394627111986043,0.8786758719988456,138,3,6.964193374849856
logreg-maxabs,morgan-cnt-r3,stratified,0.2656192463035251,0.01272854956488325,0.8285011740801685,0.3529192715132332,0.8794009234073389,138,3,2.693419514223933
logreg,morgan-cnt-r3,stratified,0.2656192463035251,0.01272854956488325,0.8285011740801685,0.3529192787980353,0.8794009304165575,138,3,6.990104735984157
logreg-std,morgan-bin-r2+desc,stratified,0.26227870387470237,0.009503689922517187,0.8096039850949192,0.3110441118214235,0.856731536540408,138,3,9.01713130545492
logreg-std,morgan-bin-r3+desc,stratified,0.2614979701124195,0.010369861387329543,0.8055988753223381,0.3068937744633699,0.8478413642344343,138,3,8.712745430258414
logreg-std,morgan-cnt-r3+desc,stratified,0.24833578862878689,0.0072401231692542515,0.8038120946472684,0.2964867564097709,0.8470999671366853,138,3,8.807874083674202
logreg-std,morgan-cnt-r2+desc,stratified,0.2480251399034817,0.007729887676848631,0.8090506595912652,0.29854016864967575,0.8561505877706254,138,3,9.299351930463066
logreg-std,morgan-bin-r3,stratified,0.24273571850558892,0.009336067138818743,0.7837897901484628,0.28529494993335774,0.8299203027959542,138,3,7.069892846979201
logreg-std,morgan-bin-r2,stratified,0.2423583669019238,0.007943936802872425,0.7858055599253086,0.2893311201980417,0.8391929871093385,138,3,7.640567499523361
logreg-std,morgan-cnt-r2,stratified,0.22805031665595085,0.004896868146052421,0.7864536078901324,0.2735269555202498,0.8390454748698769,138,3,7.399289611106117
logreg-std,morgan-cnt-r3,stratified,0.22707880272045108,0.004721223017543896,0.7809896600947894,0.27039076904226056,0.8288002273857037,138,3,7.122541611082852
logreg-maxabs,descriptors,stratified,0.2180868066985738,0.011543235770896915,0.8267739491540542,0.336957638912234,0.8785498452819934,138,3,0.4531299582061668
prevalence,morgan-cnt-r2+desc,stratified,0.034893958250926005,0.0015399588995332635,0.5,0.16844017080144727,0.7800584543123587,138,3,0.003006958868354559
prevalence,morgan-bin-r3,stratified,0.034893958250926005,0.0015399588995332635,0.5,0.16844017080144727,0.7800584543123587,138,3,0.002368597158541282
prevalence,morgan-bin-r3+desc,stratified,0.034893958250926005,0.0015399588995332635,0.5,0.16844017080144727,0.7800584543123587,138,3,0.002728749687472979
prevalence,morgan-bin-r2+desc,stratified,0.034893958250926005,0.0015399588995332635,0.5,0.16844017080144727,0.7800584543123587,138,3,0.0026749858322242894
prevalence,morgan-cnt-r2,stratified,0.034893958250926005,0.0015399588995332635,0.5,0.16844017080144727,0.7800584543123587,138,3,0.00253456924110651
prevalence,morgan-cnt-r3+desc,stratified,0.034893958250926005,0.0015399588995332635,0.5,0.16844017080144727,0.7800584543123587,138,3,0.0028274720534682274
prevalence,morgan-cnt-r3,stratified,0.034893958250926005,0.0015399588995332635,0.5,0.16844017080144727,0.7800584543123587,138,3,0.0025514306810994944
prevalence,descriptors,stratified,0.034893958250926005,0.0015399588995332635,0.5,0.16844017080144727,0.7800584543123587,138,3,0.000761806188772122
prevalence,morgan-bin-r2,stratified,0.034893958250926005,0.0015399588995332635,0.5,0.16844017080144727,0.7800584543123587,138,3,0.005204763884345691
