label,n_positive,prevalence,average_precision,ap_lift,roc_auc
alcoholic,10,0.019193857965451054,0.6055582932435121,31.54958707798698,0.9193737769080235
aldehydic,15,0.028790786948176585,0.44212112187404945,15.356340299758651,0.9007905138339921
alliaceous,12,0.023032629558541268,0.5578392266024932,24.219519754991577,0.953667321545514
almond,9,0.01727447216890595,0.4615022989754172,26.71585530735471,0.8532986111111112
amber,10,0.019193857965451054,0.4182608147532918,21.791388448646504,0.950880626223092
animal,12,0.023032629558541268,0.11541029404354874,5.010730266390741,0.7966601178781926
anisic,9,0.01727447216890595,0.16804839623149978,9.728134937401265,0.7669270833333334
apple,31,0.05950095969289827,0.5879507581328333,9.88136596732923,0.9306122448979591
apricot,8,0.015355086372360844,0.1363973240811476,8.882875730784738,0.9015594541910331
aromatic,8,0.015355086372360844,0.04590830450212548,2.9897783307009216,0.5896686159844055
balsamic,30,0.05758157389635317,0.4454394205161839,7.735797936297727,0.8819416157501697
banana,13,0.02495201535508637,0.24651569376079485,9.879590496105703,0.8812840702604482
beefy,4,0.007677543186180422,0.37496477881093265,48.83916244012398,0.9095744680851063
bergamot,3,0.005758157389635317,0.41528142315543887,72.12054048799455,0.9157014157014157
berry,15,0.028790786948176585,0.24661169265971572,8.56564612504746,0.824901185770751
bitter,7,0.013435700575815739,0.2817821320063473,20.97264153932956,0.7937743190661478
black currant,4,0.007677543186180422,0.31249210559555385,40.70209675382089,0.9424564796905223
brandy,4,0.007677543186180422,0.029335717515517737,3.8209772063961855,0.7993230174081238
burnt,18,0.0345489443378119,0.15804364744343477,4.574485573223861,0.8223989396951623
buttery,14,0.026871401151631478,0.3654550758222927,13.600149607386749,0.7852916314454776
cabbage,4,0.007677543186180422,0.3812388591800357,49.65636140819965,0.9792069632495164
camphoreous,13,0.02495201535508637,0.26315512033949806,10.5464475151445,0.8765899454875833
caramellic,25,0.04798464491362764,0.38336721896697423,7.9893728432717435,0.8262096774193548
cedar,5,0.009596928982725527,0.0989172755364526,10.307180110898361,0.8655038759689923
celery,4,0.007677543186180422,0.15009799651567943,19.550264046167246,0.6044487427466151
chamomile,3,0.005758157389635317,0.04478463808072746,7.777598813353002,0.7175032175032175
cheesy,19,0.036468330134357005,0.48651896213985346,13.340862067098087,0.8550010484378276
cherry,8,0.015355086372360844,0.4344809737988149,28.29557341864782,0.902046783625731
chocolate,7,0.013435700575815739,0.44410335038295606,33.05397793564573,0.9391328515842134
cinnamon,7,0.013435700575815739,0.6285928785928786,46.785269963841394,0.9730405780989438
citrus,45,0.08637236084452975,0.3945796877184281,4.568355940028912,0.8522875816993464
clean,10,0.019193857965451054,0.1806622501980571,9.412503235318775,0.6412915851272015
clove,4,0.007677543186180422,0.513095238095238,66.83065476190475,0.9932301740812379
cocoa,12,0.023032629558541268,0.49128303731769557,21.32987187020995,0.8765553372626064
coconut,9,0.01727447216890595,0.5532530550322005,32.02720463019738,0.8268229166666666
coffee,11,0.02111324376199616,0.28106876428220684,13.312438744639069,0.9629233511586452
cognac,11,0.02111324376199616,0.33580909069455955,15.905139659260502,0.9251336898395722
cooked,9,0.01727447216890595,0.1687394178408671,9.768137410565751,0.8233506944444444
cooling,8,0.015355086372360844,0.3123145670349387,20.339486178150384,0.9739278752436648
cortex,6,0.011516314779270634,0.048662613307317706,4.22553692218542,0.7080906148867314
coumarinic,6,0.011516314779270634,0.2795903449098938,24.277761616342445,0.8883495145631068
creamy,19,0.036468330134357005,0.19697841653215453,5.4013555270132905,0.7179702243656951
cucumber,5,0.009596928982725527,0.29786430773068223,31.037460865537092,0.7984496124031008
dairy,12,0.023032629558541268,0.1484541783912372,6.445385578486215,0.81286836935167
dry,16,0.030710172744721688,0.08339330551670035,2.7154945108875554,0.7617574257425742
earthy,38,0.07293666026871401,0.3246860156277131,4.451616161632593,0.7653372561839381
ethereal,31,0.05950095969289827,0.5523623441795145,9.283251010242807,0.9143515470704411
fatty,60,0.11516314779270634,0.6525645286776034,5.666435324017189,0.8891540130151844
fermented,16,0.030710172744721688,0.3470699478277267,11.30146517614035,0.8175742574257425
fishy,8,0.015355086372360844,0.5156956724900166,33.584680670912334,0.8862085769980507
floral,114,0.21880998080614203,0.6208971325499322,2.8376088250746903,0.8671063407905513
fresh,53,0.1017274472168906,0.21995681218470517,2.1622169650609697,0.7187953555878084
fruit skin,5,0.009596928982725527,0.07831169059887517,8.160078160402794,0.6612403100775194
fruity,191,0.3666026871401152,0.8219867354988727,2.2421732418581812,0.8730763128668888
garlic,12,0.023032629558541268,0.7031422091618909,30.528090914445425,0.9554682383759004
gassy,3,0.005758157389635317,0.7666666666666666,133.14444444444442,0.9954954954954955
geranium,6,0.011516314779270634,0.5701388888888889,49.50706018518518,0.9854368932038835
grape,9,0.01727447216890595,0.5680902046879012,32.88611073804405,0.8960503472222222
grapefruit,8,0.015355086372360844,0.11111142660670963,7.236131657761964,0.9239766081871345
grassy,7,0.013435700575815739,0.0464323598874129,3.455894214477446,0.6570316842690384
green,144,0.2763915547024952,0.6358490301235384,2.30053711593308,0.808079133510168
hawthorn,3,0.005758157389635317,0.052674868990658465,9.147868914711019,0.5778635778635779
hay,8,0.015355086372360844,0.13162582805961345,8.572132052382326,0.8484405458089669
hazelnut,5,0.009596928982725527,0.4675438596491228,48.718070175438605,0.9755813953488373
herbal,75,0.14395393474088292,0.39521309739213467,2.745413649884029,0.7766218236173393
honey,16,0.030710172744721688,0.3489743641103724,11.363477731344002,0.8347772277227723
hyacinth,6,0.011516314779270634,0.08474405095069976,7.358608424219095,0.6792880258899676
jasmin,10,0.019193857965451054,0.41577800396184333,21.66203400641204,0.9317025440313111
juicy,5,0.009596928982725527,0.3889932762273188,40.53309938288662,0.9573643410852714
ketonic,5,0.009596928982725527,0.639298245614035,66.61487719298246,0.9926356589147287
lactonic,7,0.013435700575815739,0.23049751000878818,17.155600387796948,0.9041133963312952
lavender,4,0.007677543186180422,0.3024001699235344,39.38762213254036,0.875725338491296
leafy,14,0.026871401151631478,0.24053598410663005,8.951374837111018,0.8391096083403776
leathery,6,0.011516314779270634,0.4227137697184137,36.70564567054892,0.9436893203883495
lemon,8,0.015355086372360844,0.47801389786683907,31.130655098577897,0.9069200779727096
lily,7,0.013435700575815739,0.22717993894431998,16.908678312855816,0.7779321845469706
malty,3,0.005758157389635317,1.0,173.66666666666666,1.0
meaty,30,0.05758157389635317,0.5648791925712219,9.81006864432022,0.9579769178547183
medicinal,7,0.013435700575815739,0.22648454833200782,16.856921382996582,0.7554196775986659
melon,13,0.02495201535508637,0.07555618359106808,3.0280593577651134,0.743488794669897
metallic,13,0.02495201535508637,0.07632685241800234,3.05894539305994,0.6963961235614778
milky,9,0.01727447216890595,0.33138229038586725,19.18335258789298,0.9103732638888888
mint,22,0.04222648752399232,0.5055095668090959,11.971385650342679,0.9336855529240299
muguet,5,0.009596928982725527,0.06519593557537254,6.793416486953819,0.8403100775193798
mushroom,10,0.019193857965451054,0.29111757715496034,15.167225769773435,0.8544031311154598
musk,10,0.019193857965451054,0.25195058553472705,13.12662550635928,0.6185909980430528
musty,17,0.03262955854126679,0.2790115149224256,8.550882310269632,0.8487394957983193
natural,8,0.015355086372360844,0.04358308289544019,2.8383482735655425,0.6868908382066277
nutty,36,0.0690978886756238,0.6158404781121418,8.912580252678497,0.9231386025200459
odorless,20,0.03838771593090211,0.8247416467336054,21.484519897410422,0.9755489021956087
oily,39,0.07485604606525911,0.4301608618688232,5.74650792393992,0.8603042876901799
onion,18,0.0345489443378119,0.6605110702134034,19.118125976732397,0.9662027833001988
orange,10,0.019193857965451054,0.3606662973980725,18.79071409443958,0.8060665362035225
orangeflower,3,0.005758157389635317,0.10919869956014534,18.96417415694524,0.8848133848133848
orris,6,0.011516314779270634,0.3403284627294986,29.551854847011462,0.9022653721682848
ozone,4,0.007677543186180422,0.05279743192311728,6.876865507986026,0.7862669245647969
peach,10,0.019193857965451054,0.2843030244305634,14.812187572832354,0.8639921722113503
pear,13,0.02495201535508637,0.41330200810057355,16.563872786184525,0.9436705027256208
phenolic,18,0.0345489443378119,0.6869819367884383,19.8843105037098,0.9802297327148222
pine,8,0.015355086372360844,0.31301316404643015,20.384982308523764,0.9361598440545809
pineapple,21,0.04030710172744722,0.30949849124412937,7.678510187532924,0.8618095238095238
plum,6,0.011516314779270634,0.1227435287584305,10.658229747190381,0.7501618122977346
popcorn,4,0.007677543186180422,0.7470238095238095,97.29985119047619,0.9975822050290135
potato,5,0.009596928982725527,0.23314176245210727,24.29337164750958,0.9697674418604652
powdery,20,0.03838771593090211,0.23654222428995583,6.16192494275335,0.8096806387225549
pungent,20,0.03838771593090211,0.3446015806079682,8.976871174837573,0.8928143712574851
radish,6,0.011516314779270634,0.3667493050860191,31.84606465830266,0.888673139158576
raspberry,4,0.007677543186180422,0.03137922932330827,4.0871446193609025,0.7988394584139265
ripe,9,0.01727447216890595,0.19934427746076736,11.5398187285622,0.8988715277777778
roasted,30,0.05758157389635317,0.6948011740265287,12.066380388927382,0.9687712152070604
rose,33,0.06333973128598848,0.5282356609168004,8.339720585989486,0.9200819672131147
rummy,9,0.01727447216890595,0.10431965923711509,6.038949162504107,0.8181423611111112
sandalwood,4,0.007677543186180422,0.6341743119266054,82.60120412844036,0.9477756286266924
savory,12,0.023032629558541268,0.447764268285018,19.44043198137453,0.9276358873608382
sharp,10,0.019193857965451054,0.11468652247061835,5.975167820719216,0.836986301369863
smoky,7,0.013435700575815739,0.3142220524573466,23.387098475753938,0.8335186214563647
soapy,5,0.009596928982725527,0.06037374306743378,6.2909440276266,0.6341085271317829
solvent,6,0.011516314779270634,0.6657407407407406,57.80848765432098,0.9902912621359223
sour,7,0.013435700575815739,0.17708618971572337,13.180272120270269,0.736798221234019
spicy,55,0.10556621880998081,0.343439543710544,3.2533091322398806,0.807530238002341
strawberry,5,0.009596928982725527,0.17888742013659398,18.640069178233095,0.8263565891472868
sulfurous,40,0.07677543186180422,0.7671067575884476,9.99156551758953,0.9833160083160083
sweaty,4,0.007677543186180422,0.34617707172055,45.08956359160164,0.8878143133462283
sweet,147,0.2821497120921305,0.5084005395956275,1.8018821845532103,0.7181236130815962
tea,6,0.011516314779270634,0.12987512197259038,11.277489757953264,0.7588996763754046
terpenic,5,0.009596928982725527,0.2586177669858432,26.947971319924864,0.8534883720930233
tobacco,10,0.019193857965451054,0.15852622652551387,8.259216401979273,0.8371819960861057
tomato,4,0.007677543186180422,0.03714333824446302,4.837919806341308,0.7838491295938105
tropical,37,0.0710172744721689,0.4220115466845981,5.94237880601826,0.8871454098726826
vanilla,11,0.02111324376199616,0.8908008658008658,42.19156828020464,0.9975044563279858
vegetable,28,0.053742802303262956,0.37556366872577845,6.988166835933235,0.7978122283396117
vetiver,4,0.007677543186180422,0.0874968651054892,11.396466679989969,0.7611218568665378
violet,7,0.013435700575815739,0.41297166946994013,30.73689139911983,0.886047804335742
warm,10,0.019193857965451054,0.0996696316281681,5.192787807827558,0.6945205479452055
waxy,48,0.09213051823416507,0.4981991809211263,5.407536942914725,0.8946000704721635
weedy,4,0.007677543186180422,0.03520777187698162,4.585812286976856,0.6731141199226306
winey,22,0.04222648752399232,0.24810094474895264,5.875481464282015,0.815266897431226
woody,68,0.13051823416506717,0.6351710803685886,4.8665313657652165,0.8712504869497468
